id	subject	comp1	comp2	comp3	comp4	comp5	comp6	comp7	comp8	comp9	comp10	comp11	comp12	comp13	comp14	comp15	comp16	comp17	comp18
100100	sub-0100100_ses-1	0.080495	0.098474	0.114468	0.07564	0.062307	0.05401	0.046308	0.074807	0.073279	0.038724	0.076055	0.073271	0.047264	0.041018	0.061271	0.074997	0.044077	0.048933
100101	sub-0100101_ses-1	0.124921	0.118759	0.141769	0.089887	0.063125	0.070274	0.058579	0.059824	0.097931	0.056971	0.118733	0.076449	0.050775	0.040541	0.054388	0.071685	0.076146	0.054609
100102	sub-0100102_ses-1	0.078614	0.109265	0.121399	0.08127	0.069492	0.070683	0.059093	0.067771	0.103806	0.069914	0.105347	0.111538	0.055667	0.040283	0.082954	0.085356	0.067969	0.049316
100103	sub-0100103_ses-1	0.085199	0.162053	0.14007	0.079652	0.093249	0.069337	0.062055	0.05413	0.107579	0.05293	0.090121	0.062174	0.049908	0.040879	0.046181	0.073097	0.047932	0.061054
100200	sub-0100200_ses-1	0.444197	0.218354	0.361291	0.189678	0.159223	0.156644	0.221429	0.36174	0.252028	0.113044	0.307416	0.366787	0.165517	0.115571	0.187124	0.186063	0.187952	0.196527
100201	sub-0100201_ses-1	0.437696	0.33822	0.267641	0.171042	0.149254	0.173963	0.233282	0.374607	0.2817	0.167406	0.185701	0.298344	0.133148	0.110813	0.201679	0.193444	0.149668	0.242229
100202	sub-0100202_ses-1	0.347199	0.206202	0.307294	0.165641	0.149469	0.245927	0.226676	0.320406	0.287945	0.136167	0.370843	0.287522	0.200587	0.121968	0.23048	0.218468	0.244087	0.493313
100203	sub-0100203_ses-1	2.801606	0.893086	0.650329	0.510263	0.81087	0.392631	0.720231	0.687995	2.127921	0.498856	0.33708	1.051962	0.279853	0.372232	0.649383	0.49572	0.396846	1.725064
100204	sub-0100204_ses-1	0.311444	0.208569	0.309312	0.337581	0.245963	0.362305	0.502234	0.461785	0.282127	0.352928	0.439351	0.736352	0.242483	0.158275	0.234349	0.187671	0.367328	0.193294
100205	sub-0100205_ses-1	0.601149	0.340847	0.330999	0.496601	0.225443	0.455146	0.506493	0.525366	0.346362	0.366038	0.609183	0.463177	0.228217	0.137737	0.185426	0.202345	0.504673	0.498509
100206	sub-0100206_ses-1	2.072949	0.623816	0.525443	0.334172	0.773444	0.291288	0.420212	0.415776	1.761378	0.306175	0.30174	0.57862	0.275455	0.213571	0.505148	0.348355	0.119027	1.196193
100207	sub-0100207_ses-1	0.476855	0.287777	0.267542	0.231068	0.241801	0.204164	0.542581	0.372519	0.375975	0.208485	0.629887	0.856209	0.20121	0.155916	0.327105	0.167667	0.363745	0.277941
100400	sub-0100400_ses-2	0.195026	0.152115	0.190225	0.109387	0.120267	0.136643	0.246095	0.205693	0.137448	0.101304	0.204914	0.354598	0.08292	0.098907	0.17319	0.139379	0.195859	0.121972
100400	sub-0100400_ses-2	0.129834	0.134848	0.187581	0.220296	0.090643	0.170738	0.251383	0.254655	0.161325	0.150211	0.17762	0.229479	0.125887	0.097686	0.178232	0.086292	0.204825	0.131738
100400	sub-0100400_ses-2	0.164207	0.158807	0.111899	0.132014	0.116843	0.123691	0.157279	0.172771	0.169665	0.139722	0.198352	0.222565	0.095605	0.099144	0.133268	0.1142	0.187517	0.143029
100401	sub-0100401_ses-2	0.247174	0.173528	0.197358	0.243008	0.151271	0.199244	0.35176	0.406101	0.144006	0.120904	0.307984	0.489106	0.119456	0.159021	0.169117	0.154113	0.197445	0.168129
100401	sub-0100401_ses-2	0.177664	0.208475	0.166173	0.199282	0.108116	0.134863	0.204951	0.299818	0.203341	0.11466	0.228424	0.501617	0.121237	0.092979	0.196022	0.165427	0.197368	0.080296
100401	sub-0100401_ses-2	0.199491	0.151921	0.178969	0.114748	0.126816	0.110846	0.202113	0.309314	0.160666	0.076503	0.23198	0.414694	0.096076	0.108314	0.137428	0.147563	0.199841	0.14128
100402	sub-0100402_ses-2	0.185461	0.148857	0.152043	0.134407	0.117242	0.129281	0.24007	0.352192	0.17618	0.091103	0.173012	0.497267	0.151377	0.138721	0.239864	0.218938	0.357181	0.119595
100402	sub-0100402_ses-2	0.123187	0.130271	0.153649	0.127709	0.115526	0.100181	0.243777	0.153667	0.175681	0.066718	0.174502	0.330008	0.101639	0.076941	0.150395	0.240931	0.358274	0.121585
100402	sub-0100402_ses-2	0.15223	0.124558	0.124909	0.096723	0.14902	0.125153	0.246333	0.310784	0.130456	0.084634	0.131429	0.382165	0.090017	0.105424	0.145068	0.184099	0.209816	0.118894
100403	sub-0100403_ses-1	0.121551	0.154174	0.120758	0.128917	0.077187	0.078829	0.179307	0.168681	0.161678	0.087355	0.141994	0.229449	0.105846	0.115602	0.137795	0.10222	0.193953	0.112567
100403	sub-0100403_ses-2	0.179318	0.140086	0.122982	0.187714	0.116632	0.150452	0.273264	0.35581	0.211056	0.135747	0.168637	0.28006	0.120532	0.07523	0.23856	0.07983	0.26153	0.131223
100403	sub-0100403_ses-2	0.170366	0.140502	0.129336	0.162673	0.100507	0.123343	0.211796	0.241802	0.209844	0.102919	0.161305	0.251636	0.133607	0.097642	0.179608	0.158049	0.322334	0.108182
100403	sub-0100403_ses-2	0.186716	0.134015	0.132725	0.198492	0.11781	0.202705	0.330516	0.40712	0.26487	0.106684	0.211563	0.387518	0.135254	0.126914	0.191414	0.163368	0.281772	0.202841
100404	sub-0100404_ses-2	0.213743	0.167434	0.161474	0.142686	0.137633	0.12918	0.259981	0.225494	0.212021	0.108054	0.175032	0.289123	0.152337	0.08502	0.222676	0.211688	0.387024	0.169786
100404	sub-0100404_ses-2	0.213708	0.151132	0.160467	0.213387	0.180254	0.154117	0.311174	0.419941	0.175658	0.081309	0.296715	0.260123	0.162906	0.110234	0.298157	0.237435	0.327659	0.144042
100404	sub-0100404_ses-2	0.159801	0.134359	0.130716	0.132592	0.12556	0.131919	0.233405	0.264674	0.137309	0.110687	0.168605	0.25191	0.1357	0.07921	0.163219	0.145883	0.264874	0.110669
100500	sub-0100500_ses-5	0.157215	0.10727	0.114241	0.0954	0.077867	0.126208	0.080304	0.086498	0.164198	0.096477	0.12772	0.108933	0.096713	0.099664	0.14495	0.073054	0.096507	0.035176
100501	sub-0100501_ses-1	0.09446	0.146929	0.173067	0.086997	0.082181	0.120572	0.079936	0.090351	0.116475	0.068432	0.110348	0.107428	0.109492	0.059866	0.090622	0.070309	0.097659	0.090469
100501	sub-0100501_ses-1	0.09094	0.136624	0.198281	0.091412	0.08059	0.126223	0.091273	0.071824	0.109289	0.077003	0.11288	0.100672	0.094077	0.065907	0.09127	0.067971	0.108392	0.084232
100501	sub-0100501_ses-1	0.086088	0.163118	0.208926	0.099838	0.106752	0.134115	0.097815	0.088255	0.114887	0.072195	0.103061	0.105964	0.096509	0.071014	0.078022	0.068193	0.081656	0.077574
100501	sub-0100501_ses-1	0.102875	0.152976	0.212195	0.096368	0.093163	0.117091	0.089195	0.082272	0.123808	0.073522	0.120485	0.11028	0.109609	0.069801	0.105289	0.099762	0.115179	0.105129
100501	sub-0100501_ses-1	0.090338	0.173622	0.220667	0.093727	0.103479	0.136693	0.078717	0.0852	0.107379	0.073989	0.115047	0.11356	0.087177	0.065363	0.096508	0.079971	0.110189	0.111525
100501	sub-0100501_ses-1	0.104809	0.188082	0.225947	0.108696	0.103782	0.12546	0.092848	0.088095	0.134373	0.089806	0.147844	0.158718	0.105785	0.066702	0.099351	0.076544	0.123058	0.099525
100501	sub-0100501_ses-1	0.132303	0.112505	0.169718	0.080039	0.109294	0.131098	0.073964	0.078686	0.163636	0.097805	0.125344	0.1111	0.101353	0.058195	0.104896	0.075596	0.094353	0.045913
100501	sub-0100501_ses-1	0.101122	0.172669	0.219401	0.091978	0.100379	0.122931	0.069331	0.083558	0.112652	0.070741	0.117939	0.117619	0.116399	0.066982	0.086567	0.064095	0.107696	0.088501
100501	sub-0100501_ses-1	0.094098	0.163994	0.206113	0.113248	0.103724	0.139512	0.087369	0.071993	0.114041	0.066054	0.122601	0.103734	0.103891	0.073838	0.097906	0.082287	0.107364	0.098543
100501	sub-0100501_ses-1	0.09135	0.159221	0.213771	0.093374	0.100046	0.142685	0.085925	0.092782	0.109951	0.073041	0.104418	0.11927	0.109943	0.063735	0.089214	0.074552	0.1139	0.09634
100501	sub-0100501_ses-1	0.100718	0.178947	0.233311	0.108062	0.113954	0.148723	0.093479	0.086297	0.126054	0.076719	0.117362	0.106531	0.115194	0.072736	0.097957	0.080899	0.111666	0.092003
100501	sub-0100501_ses-1	0.093536	0.180095	0.253997	0.110482	0.128388	0.156199	0.085557	0.069476	0.12268	0.069813	0.125984	0.121378	0.098207	0.065908	0.096222	0.066923	0.12386	0.101765
100501	sub-0100501_ses-1	0.111662	0.147428	0.2025	0.097279	0.1054	0.136924	0.090445	0.110021	0.142322	0.092936	0.097648	0.119638	0.113552	0.08099	0.115062	0.080278	0.104216	0.057667
100501	sub-0100501_ses-1	0.09873	0.136545	0.195959	0.089344	0.091009	0.146277	0.075399	0.096421	0.122801	0.097921	0.124038	0.119333	0.139593	0.070088	0.110396	0.082637	0.106928	0.098658
100501	sub-0100501_ses-1	0.10254	0.120619	0.170545	0.084191	0.076209	0.107637	0.071475	0.097919	0.115233	0.077118	0.108397	0.112194	0.111082	0.069885	0.093952	0.082407	0.099208	0.097071
100501	sub-0100501_ses-1	0.091307	0.146523	0.185399	0.086273	0.088703	0.129002	0.085265	0.090795	0.108936	0.08185	0.103016	0.096963	0.095027	0.063202	0.096167	0.074752	0.093479	0.102082
100501	sub-0100501_ses-1	0.082083	0.128776	0.184391	0.093679	0.079941	0.110279	0.074748	0.086844	0.135971	0.082015	0.115558	0.114411	0.10925	0.069061	0.112115	0.064682	0.117974	0.09645
100501	sub-0100501_ses-1	0.093933	0.162162	0.201463	0.102046	0.103933	0.11198	0.087893	0.083817	0.099652	0.076612	0.126004	0.105656	0.082367	0.067066	0.091991	0.086536	0.091812	0.086837
100501	sub-0100501_ses-1	0.086615	0.139112	0.198329	0.10505	0.083417	0.118564	0.090959	0.077778	0.117798	0.079083	0.123883	0.122831	0.095475	0.065218	0.094028	0.075818	0.097544	0.083954
100501	sub-0100501_ses-1	0.089368	0.160321	0.238872	0.131356	0.093933	0.111494	0.084445	0.091397	0.136718	0.096791	0.116808	0.103905	0.120873	0.069881	0.100231	0.074126	0.095817	0.096424
100502	sub-0100502_ses-4	0.077654	0.077482	0.082043	0.084603	0.070861	0.078845	0.080525	0.060362	0.090286	0.073689	0.099856	0.074877	0.069668	0.049995	0.08659	0.062169	0.094358	0.052331
100502	sub-0100502_ses-4	0.081436	0.066128	0.061852	0.063543	0.062625	0.070137	0.062407	0.064366	0.086646	0.054513	0.08056	0.081884	0.075507	0.040779	0.070625	0.060329	0.076114	0.064175
100502	sub-0100502_ses-4	0.078975	0.092078	0.071412	0.070633	0.07925	0.078113	0.068314	0.063187	0.079592	0.064313	0.096336	0.08635	0.078253	0.061015	0.077728	0.065892	0.07663	0.062886
100502	sub-0100502_ses-4	0.080294	0.095725	0.09193	0.077878	0.087061	0.076565	0.071349	0.076144	0.09292	0.062913	0.102765	0.094201	0.066839	0.059052	0.080833	0.062937	0.087131	0.056227
100502	sub-0100502_ses-4	0.076838	0.076976	0.077481	0.075357	0.075484	0.076154	0.073331	0.072829	0.086333	0.065446	0.100731	0.086571	0.082571	0.051033	0.082663	0.06866	0.089653	0.060562
100502	sub-0100502_ses-4	0.08325	0.079655	0.079668	0.07304	0.068641	0.078205	0.073528	0.071785	0.092066	0.05744	0.121135	0.09283	0.074311	0.055262	0.076111	0.063447	0.08695	0.05009
100502	sub-0100502_ses-4	0.082189	0.085211	0.094407	0.066436	0.072545	0.071977	0.063062	0.08361	0.073089	0.077144	0.094371	0.081128	0.088671	0.062005	0.082885	0.056518	0.082001	0.061677
100502	sub-0100502_ses-4	0.078312	0.072566	0.072948	0.092996	0.074617	0.06472	0.071656	0.088358	0.082232	0.075719	0.093791	0.090562	0.067554	0.053003	0.082073	0.057761	0.086149	0.061682
100502	sub-0100502_ses-4	0.076936	0.070906	0.07063	0.063135	0.06363	0.065409	0.057009	0.066963	0.08221	0.050524	0.087485	0.082881	0.074088	0.05029	0.079505	0.056063	0.080152	0.063713
100502	sub-0100502_ses-4	0.047778	0.051783	0.059348	0.067355	0.046	0.055196	0.052602	0.06743	0.063162	0.052959	0.103414	0.09392	0.071975	0.053388	0.083865	0.053902	0.089201	0.030113
100502	sub-0100502_ses-4	0.085087	0.082696	0.074549	0.082233	0.072322	0.077035	0.075228	0.066722	0.074775	0.060537	0.112433	0.088262	0.08811	0.058921	0.089153	0.059334	0.096425	0.058126
100502	sub-0100502_ses-4	0.083379	0.070175	0.075163	0.074421	0.062068	0.075177	0.069305	0.065569	0.085339	0.061235	0.102328	0.086056	0.078393	0.057309	0.071747	0.062954	0.086902	0.055179
100502	sub-0100502_ses-4	0.090641	0.066687	0.067635	0.073406	0.080201	0.084734	0.069213	0.077976	0.08311	0.065882	0.096467	0.099253	0.072813	0.060216	0.080566	0.055678	0.079029	0.051184
100502	sub-0100502_ses-4	0.08902	0.080332	0.073196	0.080006	0.08322	0.068379	0.07086	0.072467	0.077002	0.055011	0.101828	0.079096	0.067966	0.060523	0.073886	0.071585	0.084789	0.074231
100502	sub-0100502_ses-4	0.080629	0.072575	0.075707	0.078507	0.074606	0.072003	0.072988	0.063171	0.08681	0.06016	0.090692	0.085917	0.072621	0.057955	0.085002	0.060024	0.082976	0.057191
100502	sub-0100502_ses-4	0.072661	0.062425	0.073288	0.057821	0.05021	0.057176	0.04986	0.058887	0.079478	0.05598	0.094167	0.096767	0.090574	0.059625	0.094136	0.060338	0.074608	0.031758
100502	sub-0100502_ses-4	0.088133	0.098447	0.074737	0.078922	0.076398	0.081113	0.073357	0.068746	0.084275	0.072323	0.113121	0.090303	0.079992	0.052848	0.08412	0.064003	0.096332	0.065405
100502	sub-0100502_ses-4	0.088264	0.086551	0.074539	0.086177	0.06844	0.080435	0.067557	0.082524	0.094172	0.069074	0.107757	0.086629	0.092024	0.055959	0.07357	0.062832	0.09365	0.074169
100502	sub-0100502_ses-4	0.08118	0.086185	0.09594	0.090507	0.078774	0.081828	0.073361	0.070781	0.087165	0.056269	0.106063	0.086617	0.080365	0.055012	0.07974	0.065691	0.082596	0.062938
100502	sub-0100502_ses-4	0.086665	0.08742	0.093355	0.081734	0.080819	0.07039	0.063274	0.060148	0.105044	0.062546	0.10384	0.083492	0.081778	0.056172	0.067328	0.067142	0.097412	0.086908
100502	sub-0100502_ses-4	0.08028	0.085793	0.066038	0.063047	0.067298	0.063942	0.065065	0.061424	0.086709	0.063388	0.086219	0.077457	0.071251	0.052576	0.078202	0.064624	0.081873	0.067276
100502	sub-0100502_ses-4	0.089994	0.098788	0.078214	0.076603	0.081408	0.07933	0.077319	0.071934	0.095864	0.064318	0.107744	0.083867	0.083178	0.07151	0.092947	0.063172	0.095375	0.054706
100502	sub-0100502_ses-4	0.08669	0.093734	0.077453	0.077426	0.071343	0.073064	0.064516	0.068798	0.090283	0.065271	0.106423	0.100207	0.084323	0.054837	0.082797	0.079934	0.080356	0.047772
100505	sub-0100505_ses-1	0.126974	0.141352	0.158312	0.110686	0.133247	0.11062	0.113221	0.116582	0.166519	0.095036	0.157611	0.135877	0.119663	0.098833	0.126529	0.09738	0.108256	0.123663
100505	sub-0100505_ses-1	0.134886	0.164239	0.152051	0.116135	0.144742	0.096686	0.113079	0.115232	0.157589	0.088007	0.164126	0.162354	0.126979	0.096394	0.116001	0.116007	0.11514	0.137273
100505	sub-0100505_ses-1	0.142147	0.13666	0.153466	0.100306	0.1257	0.098497	0.113641	0.118768	0.127887	0.107523	0.150694	0.159186	0.136008	0.103269	0.133729	0.109426	0.11525	0.120579
100505	sub-0100505_ses-1	0.129755	0.142763	0.169511	0.10389	0.115924	0.105737	0.088162	0.109168	0.140863	0.094815	0.139159	0.177614	0.131638	0.087716	0.128118	0.108616	0.117563	0.104279
100505	sub-0100505_ses-1	0.150081	0.153215	0.131732	0.096786	0.12534	0.114159	0.094764	0.115401	0.153228	0.082842	0.16126	0.161384	0.148585	0.090319	0.120395	0.100931	0.128263	0.111373
100505	sub-0100505_ses-1	0.119267	0.159473	0.175947	0.099445	0.136887	0.108237	0.11333	0.114865	0.159602	0.07707	0.152144	0.148196	0.120841	0.085941	0.123552	0.103066	0.10795	0.124062
100505	sub-0100505_ses-1	0.135493	0.152896	0.164913	0.107324	0.138539	0.114313	0.09795	0.093436	0.135454	0.092208	0.134553	0.150455	0.114079	0.090285	0.122231	0.115409	0.098749	0.138151
100505	sub-0100505_ses-1	0.157214	0.18521	0.153746	0.100517	0.126508	0.118103	0.106616	0.128717	0.136701	0.092338	0.161989	0.143964	0.133906	0.105334	0.147715	0.132793	0.109128	0.124848
100505	sub-0100505_ses-1	0.145458	0.156702	0.166487	0.093103	0.128462	0.115995	0.086197	0.10985	0.146253	0.08643	0.140613	0.162272	0.126845	0.086393	0.126785	0.114272	0.114115	0.108289
100505	sub-0100505_ses-1	0.144857	0.1619	0.133276	0.102248	0.131006	0.116249	0.095634	0.110607	0.127146	0.090284	0.155594	0.153359	0.129423	0.093391	0.148216	0.12324	0.132432	0.12298
100505	sub-0100505_ses-1	0.148497	0.163184	0.169162	0.110224	0.107944	0.117575	0.120069	0.108502	0.155324	0.088986	0.140289	0.173188	0.124801	0.093266	0.137349	0.130936	0.111049	0.106286
100505	sub-0100505_ses-1	0.127289	0.147271	0.162909	0.134774	0.104	0.10611	0.121135	0.092471	0.135567	0.091051	0.155935	0.164791	0.139775	0.095335	0.135831	0.109137	0.115916	0.114557
100505	sub-0100505_ses-1	0.134896	0.13396	0.154234	0.119794	0.137999	0.097816	0.102239	0.106146	0.126366	0.111481	0.143445	0.156638	0.134155	0.077461	0.128945	0.097185	0.117354	0.117514
100505	sub-0100505_ses-1	0.139616	0.166039	0.155357	0.108462	0.138447	0.10773	0.112082	0.100702	0.150511	0.110924	0.155306	0.14343	0.141246	0.083763	0.133972	0.121568	0.10923	0.10788
100505	sub-0100505_ses-1	0.125948	0.135871	0.143583	0.110757	0.118486	0.100933	0.097746	0.090051	0.138948	0.090685	0.124519	0.152574	0.122505	0.083885	0.122645	0.101073	0.112831	0.110153
100505	sub-0100505_ses-1	0.134627	0.145258	0.142887	0.100309	0.116414	0.093851	0.115388	0.106346	0.12838	0.109638	0.149056	0.157882	0.114626	0.094805	0.134471	0.109094	0.104934	0.123227
100505	sub-0100505_ses-1	0.128415	0.145752	0.145027	0.107484	0.118042	0.112272	0.11288	0.102096	0.152616	0.096685	0.163203	0.156735	0.135873	0.087684	0.142494	0.091458	0.120366	0.129112
100505	sub-0100505_ses-1	0.130033	0.152362	0.148564	0.117123	0.124599	0.089176	0.092755	0.103565	0.139839	0.102409	0.14658	0.161088	0.134337	0.084385	0.117232	0.096493	0.127295	0.11376
100505	sub-0100505_ses-1	0.12778	0.130814	0.152401	0.105132	0.124641	0.078694	0.099901	0.107797	0.155953	0.095322	0.149987	0.149013	0.126675	0.090865	0.134162	0.093473	0.102641	0.126124
100505	sub-0100505_ses-1	0.130857	0.150923	0.13488	0.104942	0.110464	0.091479	0.110215	0.096449	0.154022	0.095827	0.149057	0.1729	0.130415	0.081697	0.130469	0.107259	0.113235	0.128007
100506	sub-0100506_ses-1	0.201905	0.226776	0.248288	0.160989	0.137043	0.18894	0.133482	0.13057	0.252733	0.116776	0.2297	0.184265	0.201428	0.155	0.178094	0.171679	0.166716	0.134269
100506	sub-0100506_ses-1	0.313002	0.247933	0.260125	0.174967	0.154234	0.205218	0.155184	0.139503	0.270085	0.11313	0.228793	0.18587	0.199706	0.145234	0.203769	0.184139	0.172108	0.126337
100506	sub-0100506_ses-1	0.30483	0.242611	0.235706	0.158708	0.158223	0.170589	0.132517	0.147856	0.271868	0.121246	0.217243	0.214077	0.21883	0.149912	0.216762	0.184004	0.187051	0.129614
100506	sub-0100506_ses-1	0.317791	0.261638	0.234033	0.160482	0.197278	0.19594	0.202558	0.144306	0.276874	0.129064	0.206893	0.194376	0.237985	0.152589	0.208624	0.171125	0.170109	0.13974
100506	sub-0100506_ses-1	0.291813	0.221608	0.242369	0.171043	0.182634	0.158718	0.161883	0.140435	0.276728	0.123493	0.20042	0.208944	0.244849	0.162165	0.18197	0.183478	0.186064	0.125541
100506	sub-0100506_ses-1	0.286746	0.216085	0.292338	0.170988	0.149083	0.146453	0.146753	0.129327	0.249514	0.1062	0.218553	0.230387	0.226918	0.15217	0.200672	0.179406	0.167207	0.125011
100506	sub-0100506_ses-1	0.254179	0.170552	0.232808	0.19883	0.151466	0.164787	0.168177	0.190486	0.259137	0.158579	0.224033	0.205263	0.229096	0.145431	0.190976	0.175718	0.155775	0.120641
100506	sub-0100506_ses-1	0.249919	0.211767	0.270093	0.182767	0.161392	0.146076	0.174765	0.132829	0.260684	0.113	0.194979	0.210858	0.210353	0.14217	0.206539	0.158651	0.177873	0.125495
100506	sub-0100506_ses-1	0.289247	0.204059	0.20857	0.163881	0.180525	0.164408	0.142464	0.120135	0.245851	0.126974	0.209824	0.187993	0.207244	0.159597	0.193482	0.174033	0.163746	0.130712
100506	sub-0100506_ses-1	0.344365	0.24671	0.269153	0.167854	0.191736	0.152844	0.183756	0.164448	0.316843	0.158162	0.209954	0.190558	0.205287	0.158383	0.205889	0.163387	0.173289	0.123532
100506	sub-0100506_ses-1	0.305879	0.224424	0.24166	0.160578	0.161265	0.164905	0.184968	0.149334	0.291296	0.139081	0.214287	0.21531	0.224307	0.170385	0.195317	0.165827	0.15217	0.109443
100506	sub-0100506_ses-1	0.383224	0.263687	0.292322	0.188594	0.1933	0.17914	0.19374	0.19859	0.298678	0.140268	0.236564	0.227811	0.203852	0.152433	0.243389	0.194868	0.176259	0.139045
100506	sub-0100506_ses-1	0.29024	0.188611	0.221398	0.182167	0.21621	0.205801	0.173187	0.140126	0.345358	0.147107	0.235342	0.194917	0.202734	0.15149	0.183546	0.200263	0.176208	0.127318
100506	sub-0100506_ses-1	0.389906	0.298729	0.299338	0.211016	0.186623	0.20349	0.188117	0.151622	0.31656	0.151039	0.263927	0.175534	0.258325	0.165468	0.206777	0.189694	0.173188	0.16698
100506	sub-0100506_ses-1	0.345512	0.32563	0.290381	0.183453	0.178353	0.203685	0.172936	0.173187	0.291788	0.12647	0.223095	0.187507	0.224459	0.187415	0.209125	0.200395	0.181494	0.128656
100506	sub-0100506_ses-1	0.323765	0.343847	0.353552	0.212089	0.176838	0.197748	0.166599	0.1984	0.337237	0.170753	0.228213	0.188019	0.238634	0.172041	0.230356	0.18613	0.141058	0.134148
100506	sub-0100506_ses-1	0.307595	0.278259	0.306026	0.201892	0.198257	0.206804	0.17722	0.133853	0.331616	0.163859	0.196407	0.163536	0.225297	0.165922	0.213254	0.167158	0.170335	0.131729
100506	sub-0100506_ses-1	0.339993	0.287236	0.329566	0.167837	0.201281	0.206761	0.185596	0.166716	0.302589	0.132565	0.277461	0.199816	0.245165	0.169546	0.202436	0.185254	0.166594	0.152708
100506	sub-0100506_ses-1	0.266159	0.303164	0.309617	0.182908	0.198195	0.160202	0.148232	0.137302	0.335894	0.133289	0.261724	0.170218	0.242843	0.157659	0.185792	0.138607	0.180624	0.141082
100506	sub-0100506_ses-1	0.273305	0.272225	0.243181	0.165651	0.150974	0.157091	0.167561	0.144361	0.256414	0.104091	0.225529	0.185558	0.250477	0.163609	0.210978	0.171148	0.147039	0.156596
100507	sub-0100507_ses-1	0.251468	0.233476	0.267533	0.199494	0.198113	0.183885	0.179944	0.174094	0.265763	0.126204	0.31352	0.191589	0.25282	0.1765	0.261045	0.173992	0.243102	0.2188
100507	sub-0100507_ses-1	0.271326	0.237893	0.304384	0.204021	0.203362	0.202797	0.163545	0.183958	0.263901	0.15349	0.308421	0.216839	0.241187	0.174045	0.285178	0.18928	0.2066	0.219447
100507	sub-0100507_ses-1	0.248034	0.26519	0.292178	0.239205	0.200451	0.181056	0.181791	0.175542	0.295104	0.183857	0.308679	0.252752	0.257167	0.17984	0.316324	0.16793	0.249016	0.197378
100507	sub-0100507_ses-1	0.28549	0.277644	0.291203	0.218977	0.194923	0.206155	0.197014	0.162597	0.301896	0.177457	0.337919	0.239288	0.287913	0.180007	0.292821	0.193093	0.21753	0.240686
100507	sub-0100507_ses-1	0.215518	0.240684	0.306097	0.213415	0.177709	0.171494	0.190058	0.151324	0.266878	0.191852	0.318954	0.218567	0.249087	0.176029	0.258039	0.15413	0.257267	0.16236
100507	sub-0100507_ses-1	0.264245	0.256024	0.369137	0.20933	0.25035	0.227682	0.212049	0.175973	0.272518	0.155911	0.29117	0.208009	0.262165	0.186083	0.277949	0.178492	0.249731	0.211768
100507	sub-0100507_ses-1	0.203268	0.222134	0.240274	0.208506	0.163021	0.173438	0.139072	0.143158	0.236072	0.163353	0.250361	0.168169	0.21994	0.150497	0.234633	0.140413	0.191576	0.203955
100507	sub-0100507_ses-1	0.197583	0.250852	0.326985	0.189069	0.198959	0.236374	0.17899	0.189922	0.255588	0.180496	0.297415	0.248425	0.240549	0.159417	0.22436	0.165486	0.232678	0.120669
100507	sub-0100507_ses-1	0.24423	0.294899	0.37326	0.19646	0.211551	0.237096	0.184756	0.164285	0.267595	0.133312	0.315672	0.242458	0.262954	0.164852	0.281185	0.19216	0.217442	0.198178
100507	sub-0100507_ses-1	0.262473	0.487168	0.355456	0.423566	0.219081	0.276097	0.234077	0.263688	0.687451	0.299121	0.490885	0.51144	0.31332	0.155894	0.321352	0.187529	0.429444	0.221845
100507	sub-0100507_ses-1	0.257426	0.221442	0.26418	0.192606	0.190094	0.197306	0.202524	0.173539	0.26052	0.16329	0.333488	0.220599	0.235647	0.170812	0.271117	0.172922	0.21398	0.201136
100507	sub-0100507_ses-1	0.218451	0.248394	0.294529	0.237166	0.219825	0.223065	0.199052	0.183298	0.256516	0.185226	0.364341	0.281026	0.223095	0.157084	0.287447	0.165402	0.24071	0.144987
100507	sub-0100507_ses-1	0.2439	0.253442	0.225819	0.257781	0.20538	0.236167	0.246245	0.246556	0.285422	0.224239	0.339094	0.299789	0.257645	0.174509	0.355401	0.20843	0.336563	0.225731
100507	sub-0100507_ses-1	0.212968	0.199384	0.201426	0.145519	0.169402	0.156039	0.146694	0.136059	0.231538	0.166313	0.25137	0.23227	0.240844	0.154968	0.217721	0.164875	0.176564	0.215162
100507	sub-0100507_ses-1	0.199846	0.211937	0.269285	0.219968	0.177948	0.184481	0.156268	0.157697	0.230934	0.16811	0.266366	0.210043	0.226927	0.121931	0.220197	0.158234	0.189427	0.223672
100507	sub-0100507_ses-1	0.246899	0.202198	0.268049	0.194897	0.182469	0.161885	0.141444	0.143292	0.245928	0.15589	0.241313	0.206722	0.215106	0.139756	0.222016	0.154567	0.217274	0.199363
100507	sub-0100507_ses-1	0.243939	0.199703	0.265812	0.183912	0.173085	0.167403	0.154069	0.13437	0.227079	0.147546	0.251391	0.211205	0.218395	0.132069	0.226161	0.160008	0.221851	0.183983
100507	sub-0100507_ses-1	0.203906	0.208407	0.30474	0.176871	0.187205	0.184408	0.142199	0.156124	0.199155	0.126879	0.314029	0.232162	0.20341	0.136096	0.219921	0.145604	0.20283	0.181125
100507	sub-0100507_ses-1	0.18792	0.18837	0.325521	0.165732	0.191676	0.181177	0.156779	0.150232	0.237855	0.164608	0.242368	0.176556	0.212266	0.131624	0.180768	0.154691	0.206755	0.179308
100507	sub-0100507_ses-1	0.295827	0.661813	0.312882	0.444308	0.201154	0.215462	0.435355	0.341068	0.938752	0.276083	0.348476	0.732799	0.247186	0.125188	0.242697	0.155542	0.325893	0.397363
100508	sub-0100508_ses-1	0.240724	0.301294	0.364552	0.273409	0.226877	0.243457	0.19402	0.18469	0.376834	0.232137	0.247859	0.221576	0.277679	0.174588	0.277797	0.185615	0.257007	0.250314
100508	sub-0100508_ses-1	0.228967	0.275024	0.330874	0.319754	0.236866	0.224342	0.192102	0.16701	0.400773	0.257329	0.261011	0.260891	0.295032	0.192244	0.291258	0.199215	0.264982	0.253186
100508	sub-0100508_ses-1	0.251835	0.37722	0.413794	0.441439	0.232168	0.258831	0.190561	0.18541	0.463541	0.38735	0.262223	0.228737	0.328661	0.195842	0.335805	0.188728	0.281179	0.271886
100508	sub-0100508_ses-1	0.239627	0.318043	0.347881	0.388926	0.224761	0.236261	0.156436	0.192646	0.410963	0.258857	0.280549	0.212898	0.280459	0.209685	0.27435	0.193117	0.319216	0.224718
100508	sub-0100508_ses-1	0.244556	0.303149	0.388271	0.373064	0.213411	0.237033	0.189525	0.20123	0.402694	0.274433	0.255219	0.24572	0.265215	0.193879	0.308909	0.197418	0.256228	0.314659
100508	sub-0100508_ses-1	0.254995	0.429476	0.446807	0.416732	0.230561	0.260845	0.180891	0.165278	0.465406	0.363826	0.308688	0.26213	0.28017	0.211255	0.30965	0.21525	0.286262	0.186263
100508	sub-0100508_ses-1	0.180026	0.287015	0.32004	0.228262	0.180724	0.217283	0.162207	0.171158	0.255813	0.181388	0.223426	0.204033	0.254461	0.195855	0.239705	0.152907	0.218837	0.130212
100508	sub-0100508_ses-1	0.254053	0.408464	0.40987	0.530204	0.241578	0.257206	0.170945	0.208383	0.46709	0.372749	0.287021	0.253638	0.289913	0.157747	0.338	0.208374	0.272875	0.282251
100508	sub-0100508_ses-1	0.313217	0.736249	0.42619	0.524422	0.22376	0.258043	0.205262	0.198892	0.673957	0.481697	0.319618	0.217951	0.295677	0.239803	0.367669	0.22103	0.328201	0.363406
100508	sub-0100508_ses-1	0.232054	0.536393	0.392564	0.56743	0.207268	0.240466	0.176931	0.161948	0.453807	0.450623	0.288692	0.212994	0.29488	0.225369	0.370374	0.183537	0.284634	0.298348
100508	sub-0100508_ses-1	0.259684	0.276364	0.309915	0.310109	0.187599	0.230744	0.151475	0.171347	0.365506	0.23856	0.291158	0.224342	0.286118	0.190418	0.283763	0.177033	0.268324	0.272217
100508	sub-0100508_ses-1	0.224251	0.302174	0.31206	0.359401	0.199298	0.23302	0.16856	0.170045	0.325209	0.274546	0.250167	0.215074	0.281857	0.18334	0.236807	0.172372	0.269105	0.203041
100508	sub-0100508_ses-1	0.169352	0.297293	0.325391	0.21345	0.207158	0.219651	0.157038	0.171775	0.284647	0.203208	0.234994	0.206538	0.255816	0.185986	0.243602	0.146739	0.207081	0.110941
100508	sub-0100508_ses-1	0.245145	0.290425	0.349287	0.252701	0.174467	0.245217	0.156328	0.161792	0.31168	0.214972	0.240081	0.216555	0.239005	0.198645	0.247302	0.165372	0.214129	0.139363
100508	sub-0100508_ses-1	0.201019	0.284275	0.341683	0.236765	0.207324	0.227517	0.146274	0.144004	0.336261	0.208604	0.26435	0.251682	0.246725	0.176124	0.281154	0.193831	0.231619	0.160755
100508	sub-0100508_ses-1	0.208954	0.235586	0.285382	0.241437	0.204698	0.219913	0.184064	0.131509	0.332376	0.249468	0.267601	0.252237	0.258217	0.163713	0.241223	0.154523	0.241746	0.204956
100508	sub-0100508_ses-1	0.240975	0.305273	0.374222	0.219826	0.218614	0.219508	0.258719	0.164242	0.366822	0.24733	0.232884	0.223677	0.239975	0.171924	0.254609	0.158395	0.235364	0.180323
100508	sub-0100508_ses-1	0.195889	0.261935	0.335963	0.202891	0.19648	0.246792	0.183461	0.161215	0.322903	0.243135	0.263971	0.2182	0.275607	0.178328	0.249049	0.168027	0.223999	0.194703
100508	sub-0100508_ses-1	0.214563	0.301781	0.336585	0.220603	0.227664	0.246662	0.183645	0.175368	0.40753	0.266784	0.274222	0.239771	0.268587	0.216715	0.249207	0.185605	0.253609	0.237668
100508	sub-0100508_ses-1	0.202998	0.273625	0.401112	0.263752	0.215162	0.266782	0.227393	0.171215	0.35396	0.229577	0.308727	0.221328	0.233688	0.210905	0.250289	0.176955	0.278389	0.195645
100509	sub-0100509_ses-1	0.222909	0.249768	0.228434	0.180134	0.177829	0.18211	0.154041	0.170337	0.233159	0.133523	0.236369	0.233265	0.204748	0.123915	0.252861	0.179118	0.159638	0.154074
100509	sub-0100509_ses-1	0.190529	0.27374	0.266407	0.16642	0.203153	0.173703	0.129941	0.164136	0.279657	0.141591	0.20706	0.192812	0.168911	0.148205	0.223683	0.129477	0.180773	0.150405
100509	sub-0100509_ses-1	0.191155	0.248917	0.256316	0.169082	0.179943	0.167028	0.153752	0.149941	0.225117	0.12931	0.198412	0.20175	0.201226	0.137262	0.226412	0.135153	0.187954	0.163264
100509	sub-0100509_ses-1	0.215781	0.263399	0.248395	0.161683	0.187635	0.196358	0.156196	0.165406	0.238888	0.129079	0.21199	0.228427	0.21907	0.137116	0.23347	0.140612	0.186798	0.174305
100509	sub-0100509_ses-1	0.226774	0.252702	0.24088	0.157432	0.19132	0.190566	0.140551	0.161939	0.286527	0.146545	0.227076	0.23438	0.211423	0.12179	0.224501	0.158716	0.179826	0.191723
100509	sub-0100509_ses-1	0.19738	0.242804	0.283319	0.160338	0.226348	0.16729	0.125931	0.145956	0.230537	0.132921	0.189295	0.17243	0.171621	0.15232	0.187482	0.146334	0.161401	0.161149
100509	sub-0100509_ses-1	0.212036	0.235824	0.227871	0.186443	0.194316	0.145025	0.125752	0.139028	0.255908	0.140439	0.194478	0.175893	0.179977	0.151088	0.229365	0.146169	0.161389	0.140808
100509	sub-0100509_ses-1	0.167468	0.268432	0.281224	0.151843	0.216317	0.196559	0.137838	0.13993	0.209869	0.133846	0.177816	0.165821	0.221654	0.144873	0.19949	0.126442	0.181553	0.143446
100509	sub-0100509_ses-1	0.22993	0.243207	0.275092	0.170461	0.191541	0.205569	0.15878	0.190243	0.239455	0.149828	0.211535	0.231327	0.214921	0.146586	0.202843	0.134142	0.189317	0.157532
100509	sub-0100509_ses-1	0.225622	0.276886	0.197621	0.173713	0.17941	0.176778	0.152185	0.195009	0.231772	0.133308	0.218405	0.214602	0.20206	0.131706	0.245881	0.176373	0.182348	0.15612
100509	sub-0100509_ses-1	0.23646	0.307088	0.23506	0.178106	0.207467	0.198337	0.173447	0.147413	0.256002	0.154446	0.261752	0.245213	0.18677	0.154266	0.241242	0.171541	0.186407	0.15626
100509	sub-0100509_ses-1	0.220475	0.261217	0.261603	0.17726	0.176675	0.179455	0.173174	0.146598	0.240996	0.146286	0.207523	0.195241	0.218725	0.115018	0.235414	0.167226	0.169761	0.151362
100509	sub-0100509_ses-1	0.209029	0.259579	0.237427	0.192374	0.184043	0.190382	0.127561	0.168312	0.280655	0.132802	0.216008	0.227601	0.157753	0.135561	0.213651	0.124773	0.165939	0.184594
100509	sub-0100509_ses-1	0.216442	0.26836	0.225503	0.17582	0.154002	0.184202	0.156418	0.175123	0.246738	0.138727	0.209696	0.226744	0.190596	0.146065	0.238529	0.155813	0.158207	0.184604
100509	sub-0100509_ses-1	0.215977	0.204624	0.229117	0.174378	0.153202	0.158482	0.134836	0.1507	0.22549	0.150958	0.21021	0.182759	0.203664	0.132931	0.222306	0.15005	0.164886	0.166628
100509	sub-0100509_ses-1	0.183818	0.247442	0.205945	0.158147	0.191755	0.174886	0.125817	0.127241	0.211823	0.14059	0.195783	0.173337	0.186829	0.112109	0.193769	0.143313	0.163515	0.140554
100509	sub-0100509_ses-1	0.229814	0.275454	0.189136	0.173256	0.159167	0.19337	0.155429	0.146748	0.239654	0.140015	0.214353	0.213145	0.188779	0.13459	0.252342	0.170362	0.184395	0.211045
100509	sub-0100509_ses-1	0.213715	0.270688	0.230447	0.173479	0.187119	0.181881	0.141527	0.176478	0.255181	0.130703	0.203205	0.184159	0.178126	0.132384	0.217424	0.134761	0.169642	0.166819
100509	sub-0100509_ses-1	0.182655	0.249522	0.250521	0.164205	0.181488	0.188365	0.155176	0.143621	0.222307	0.149304	0.195723	0.184576	0.182911	0.128078	0.183948	0.1401	0.182698	0.211621
100509	sub-0100509_ses-1	0.16723	0.220467	0.248933	0.16228	0.184065	0.188369	0.127358	0.143336	0.214226	0.122397	0.199083	0.207965	0.165165	0.142696	0.212432	0.164286	0.166778	0.166295
100512	sub-0100512_ses-1	0.204295	0.180762	0.19819	0.137053	0.143425	0.128547	0.124174	0.136318	0.153627	0.111787	0.184177	0.1652	0.158181	0.087044	0.140778	0.133242	0.153807	0.108649
100512	sub-0100512_ses-1	0.196179	0.176784	0.171107	0.149634	0.149767	0.139616	0.105715	0.131146	0.15298	0.142494	0.214536	0.181087	0.129969	0.097314	0.114132	0.123327	0.15754	0.103708
100512	sub-0100512_ses-1	0.213996	0.178552	0.187498	0.136707	0.140351	0.158624	0.125741	0.112303	0.162743	0.109404	0.203631	0.189044	0.155717	0.089925	0.138501	0.140367	0.175982	0.103875
100512	sub-0100512_ses-1	0.213551	0.223253	0.234981	0.15007	0.172582	0.150597	0.117605	0.106774	0.156959	0.087093	0.184197	0.167566	0.158827	0.09717	0.144296	0.133555	0.147745	0.094198
100512	sub-0100512_ses-1	0.21619	0.19195	0.200908	0.15733	0.145724	0.151946	0.127204	0.135664	0.151581	0.139541	0.189907	0.172054	0.166332	0.091282	0.149482	0.131762	0.169487	0.114578
100512	sub-0100512_ses-1	0.158253	0.16983	0.193922	0.150371	0.132693	0.113109	0.111555	0.12546	0.148013	0.144749	0.168896	0.168233	0.125	0.095524	0.131255	0.123799	0.172143	0.083983
100512	sub-0100512_ses-1	0.213325	0.204963	0.249965	0.144139	0.16707	0.162929	0.132297	0.128574	0.152758	0.120056	0.158448	0.19712	0.137816	0.093574	0.125015	0.125304	0.154403	0.107217
100512	sub-0100512_ses-1	0.18432	0.210881	0.228355	0.137329	0.162049	0.124756	0.130549	0.129207	0.188877	0.111875	0.185955	0.196694	0.143251	0.118176	0.128226	0.117557	0.170178	0.098879
100512	sub-0100512_ses-1	0.164829	0.197539	0.230352	0.149871	0.139111	0.171006	0.129798	0.121929	0.138851	0.118241	0.200875	0.19134	0.147219	0.094678	0.12868	0.132523	0.153575	0.106442
100512	sub-0100512_ses-1	0.209853	0.204452	0.222424	0.148284	0.157731	0.162537	0.130685	0.112869	0.155628	0.128406	0.176872	0.20007	0.152306	0.107371	0.121635	0.138581	0.143917	0.10098
100512	sub-0100512_ses-1	0.250465	0.206664	0.230438	0.15567	0.124648	0.162903	0.142362	0.126417	0.181045	0.127241	0.212414	0.165225	0.164346	0.096215	0.131995	0.139437	0.168616	0.103295
100512	sub-0100512_ses-1	0.156736	0.197627	0.203827	0.131622	0.1572	0.150307	0.108026	0.124871	0.167471	0.112292	0.189232	0.153444	0.136913	0.099416	0.1251	0.127684	0.144704	0.092488
100512	sub-0100512_ses-1	0.242253	0.246599	0.184306	0.16792	0.165357	0.136587	0.132249	0.140986	0.269349	0.145838	0.183818	0.233014	0.163379	0.078465	0.174008	0.129486	0.164481	0.162887
100512	sub-0100512_ses-1	0.222411	0.225117	0.182628	0.128024	0.141872	0.138543	0.109325	0.130231	0.23125	0.131418	0.175483	0.2091	0.129276	0.108787	0.152398	0.123361	0.175015	0.145151
100512	sub-0100512_ses-1	0.204837	0.160313	0.159124	0.126335	0.133855	0.145071	0.105556	0.120201	0.144769	0.11988	0.194901	0.175906	0.152075	0.093418	0.128019	0.113495	0.171001	0.098706
100512	sub-0100512_ses-1	0.229137	0.169539	0.134326	0.127886	0.13363	0.140457	0.117951	0.115254	0.155493	0.125205	0.201149	0.148429	0.161923	0.105503	0.139024	0.123029	0.159568	0.093846
100512	sub-0100512_ses-1	0.235453	0.154804	0.159577	0.138174	0.160139	0.126468	0.116435	0.139899	0.146736	0.125828	0.201489	0.17648	0.184398	0.091934	0.140264	0.14537	0.155304	0.100295
100512	sub-0100512_ses-1	0.266752	0.179945	0.141278	0.129805	0.132555	0.150762	0.120905	0.124346	0.168303	0.121268	0.204029	0.184671	0.138813	0.085035	0.123671	0.144188	0.163365	0.096809
100512	sub-0100512_ses-1	0.218456	0.170533	0.141757	0.116079	0.1593	0.149422	0.128118	0.129583	0.178395	0.109352	0.197265	0.165296	0.153388	0.092796	0.130226	0.134876	0.163612	0.106609
100900	sub-0100900_ses-1	0.339643	0.254357	0.412769	0.31465	0.243344	0.380603	0.2662	0.275026	0.35984	0.1954	0.33826	0.284256	0.249745	0.181083	0.226147	0.272637	0.299386	0.204534
100900	sub-0100900_ses-1	0.520134	0.592215	0.374924	0.34007	0.295911	0.228631	0.208596	0.198021	0.524459	0.260733	0.33181	0.107359	0.388503	0.194858	0.344597	0.460357	0.42109	0.334165
100900	sub-0100900_ses-1	0.331981	0.271689	0.38311	0.364865	0.217408	0.416533	0.388642	0.317631	0.557659	0.240896	0.312887	0.328245	0.244079	0.25787	0.287923	0.2917	0.359692	0.250244
100900	sub-0100900_ses-1	0.902375	1.045796	0.596809	0.362022	0.531439	0.199746	0.202121	0.080093	0.809179	0.278738	0.003876	0.118215	0.427101	0.425733	0.74053	0.187043	0.068602	0.557941
100900	sub-0100900_ses-2	0.194057	0.183072	0.211739	0.174015	0.152064	0.121869	0.140343	0.186445	0.231238	0.125031	0.239707	0.176036	0.17715	0.115534	0.18889	0.142468	0.155917	0.140399
100900	sub-0100900_ses-2	0.32899	0.27737	0.28525	0.22637	0.289889	0.184645	0.301422	0.347374	0.237327	0.14652	0.470041	0.459184	0.179365	0.126024	0.257214	0.185092	0.347639	0.115116
100900	sub-0100900_ses-2	0.556756	0.469924	0.451578	0.345265	0.493854	0.237364	0.176071	0.199768	0.549876	0.306495	0.296722	0.127582	0.440271	0.462447	0.81828	0.237191	0.266184	0.507351
100900	sub-0100900_ses-2	0.963035	1.240649	0.664732	0.236208	0.588747	0.410523	0.091695	0.184777	1.163352	0.469204	1e-06	0.101908	0.779867	0.576819	1.653661	0.424895	0.029018	0.464778
100900	sub-0100900_ses-2	0.313218	0.222168	0.241697	0.186373	0.23982	0.147831	0.22279	0.411188	0.258549	0.147434	0.274728	0.339445	0.163896	0.110847	0.265852	0.28394	0.265356	0.132318
100900	sub-0100900_ses-2	0.274242	0.504927	0.252198	0.258087	0.179505	0.308792	0.49233	0.267459	0.399763	0.243942	0.306988	0.286829	0.307211	0.182932	0.358567	0.180539	0.42366	0.283133
100900	sub-0100900_ses-2	0.269852	0.226006	0.22955	0.250637	0.206772	0.208212	0.392967	0.348958	0.324595	0.153949	0.397698	0.239319	0.232532	0.247947	0.248379	0.334252	0.350013	0.187602
100900	sub-0100900_ses-2	0.488891	0.656741	0.469883	0.154782	0.316342	0.191397	0.120256	0.068146	0.621078	0.118693	0.0	0.116188	0.468713	0.370244	0.606479	0.253899	0.036235	0.42562
100901	sub-0100901_ses-1	0.173431	0.231736	0.234298	0.190671	0.18823	0.179621	0.175086	0.137496	0.25765	0.216599	0.204555	0.311212	0.185564	0.139211	0.165594	0.184715	0.19415	0.125115
100901	sub-0100901_ses-2	0.566363	0.65728	0.307592	0.131856	0.390493	0.338458	0.115899	0.093251	0.823367	0.194332	0.0	0.275782	0.561098	0.351569	0.47378	0.305987	0.057029	0.550303
100901	sub-0100901_ses-2	0.310559	0.19493	0.20485	0.183361	0.135354	0.189207	0.258644	0.315839	0.338333	0.151379	0.285225	0.299231	0.201532	0.128149	0.209986	0.166259	0.273638	0.159365
100901	sub-0100901_ses-2	0.431044	0.279444	0.205075	0.258062	0.208493	0.222657	0.215985	0.396081	0.335436	0.198841	0.393431	0.345592	0.169572	0.212726	0.337257	0.202412	0.260574	0.219466
100901	sub-0100901_ses-2	0.271073	0.264329	0.225376	0.242886	0.190334	0.239251	0.292794	0.44769	0.241364	0.171313	0.264887	0.458811	0.220733	0.153158	0.220676	0.22335	0.251601	0.17281
100901	sub-0100901_ses-2	0.78993	0.262978	0.25493	0.279279	0.31811	0.209308	0.482664	0.449558	0.267541	0.373425	0.457854	0.370751	0.291196	0.185335	0.583093	0.558617	0.313427	0.298713
100901	sub-0100901_ses-2	0.300114	0.208418	0.374077	0.2643	0.289246	0.262322	0.708112	0.51127	0.236968	0.271583	0.485055	0.468283	0.269688	0.128012	0.244911	0.314583	0.318143	0.240375
100901	sub-0100901_ses-2	0.198937	0.277965	0.225545	0.223315	0.206305	0.16855	0.218949	0.150425	0.204035	0.222171	0.237103	0.219439	0.235603	0.172101	0.239614	0.185934	0.265373	0.163209
100901	sub-0100901_ses-3	0.367965	0.3165	0.28406	0.444648	0.287523	0.307543	0.469097	0.273929	0.420474	0.267001	0.51005	0.606478	0.411479	0.236939	0.371869	0.413519	0.473342	0.228656
100901	sub-0100901_ses-3	0.449775	0.200463	0.152332	0.265761	0.126059	0.138506	0.265943	0.476083	0.293662	0.292297	0.497468	1.153732	0.280512	0.310004	0.237762	0.676078	0.8421	0.209373
100901	sub-0100901_ses-3	0.294908	0.303299	0.255054	0.345042	0.272845	0.25856	0.338328	0.228485	0.361935	0.296066	0.63318	0.410794	0.356293	0.234304	0.31326	0.315613	0.441941	0.165024
100901	sub-0100901_ses-3	0.399353	0.457863	0.43831	0.365234	0.45072	0.33205	0.370131	0.236748	0.479745	0.319388	0.619906	0.515188	0.320255	0.296487	0.551867	0.32802	0.859772	0.31006
100901	sub-0100901_ses-3	0.315278	0.434912	0.245527	0.332776	0.337818	0.308028	0.250905	0.263577	0.400576	0.208967	0.375444	0.293552	0.392946	0.239976	0.321674	0.241182	0.305965	0.220107
100901	sub-0100901_ses-3	0.241544	0.362808	0.23959	0.304739	0.296821	0.221301	0.215316	0.211785	0.354153	0.221033	0.266821	0.251432	0.230794	0.182473	0.282635	0.23194	0.24124	0.159739
100902	sub-0100902_ses-2	0.187598	0.275749	0.297933	0.183948	0.1965	0.200599	0.147104	0.125874	0.295678	0.208535	0.204166	0.170264	0.18951	0.132008	0.194654	0.164114	0.190398	0.138738
100902	sub-0100902_ses-2	1.776653	1.03366	0.72803	0.422418	0.791743	0.770988	0.161158	0.06936	1.53131	0.394704	0.0	0.277272	0.569804	0.337676	1.283051	0.403126	0.114483	0.935516
100902	sub-0100902_ses-2	0.258454	0.319334	0.275731	0.298284	0.217522	0.16495	0.203345	0.279939	0.326965	0.231392	0.312967	0.249603	0.259255	0.206406	0.422338	0.257294	0.235715	0.372724
100902	sub-0100902_ses-2	0.220469	0.389279	0.409823	0.272835	0.269679	0.318564	0.329293	0.376924	0.355265	0.257564	0.566929	0.405175	0.369318	0.23132	0.332137	0.282375	0.331115	0.198027
100902	sub-0100902_ses-2	0.167733	0.208852	0.230085	0.123079	0.188665	0.162826	0.139624	0.129412	0.253265	0.13945	0.162367	0.132959	0.141891	0.113559	0.16334	0.120831	0.140299	0.120145
100902	sub-0100902_ses-3	0.349192	0.295496	0.404034	0.334575	0.256933	0.170813	0.363359	0.290019	0.498334	0.21917	0.659778	0.185911	0.296618	0.231064	0.41771	0.500334	0.558461	0.19986
100902	sub-0100902_ses-3	0.470517	0.30712	0.233976	0.273254	0.295311	0.377033	0.199248	0.234707	0.396555	0.209046	0.59632	0.376489	0.354626	0.231751	0.443968	0.348017	0.341374	0.233679
100902	sub-0100902_ses-3	0.280805	0.249576	0.26098	0.260933	0.291628	0.230563	0.283672	0.34593	0.477167	0.315269	0.695885	0.62609	0.378105	0.204866	0.290714	0.37619	0.85363	0.152451
100902	sub-0100902_ses-3	0.278628	0.375265	0.33117	0.268022	0.334776	0.33499	0.371386	0.290066	0.374992	0.364877	0.673277	0.400694	0.361897	0.204566	0.322991	0.347117	0.994758	0.229774
100902	sub-0100902_ses-3	0.181121	0.217175	0.197412	0.170742	0.149166	0.141448	0.120813	0.129839	0.249263	0.150434	0.191982	0.145878	0.155758	0.123561	0.178932	0.129803	0.153959	0.162034
100902	sub-0100902_ses-3	0.172931	0.186522	0.155271	0.161585	0.145641	0.134536	0.114779	0.111993	0.199162	0.113384	0.170762	0.136696	0.148814	0.103753	0.183319	0.139753	0.205997	0.127287
100903	sub-0100903_ses-2	0.471244	0.551515	0.766068	0.182816	0.462209	0.586219	0.325967	0.265743	0.575726	0.143618	0.371483	0.280083	0.380887	0.255072	0.381532	0.389506	0.380097	0.268894
100903	sub-0100903_ses-2	0.637131	0.505873	0.716873	0.584215	0.392709	0.420131	0.311979	0.332818	0.760802	0.348953	0.750841	0.404071	0.605732	0.663669	0.678323	0.276029	0.523342	0.481656
100903	sub-0100903_ses-2	0.227885	0.337714	0.324248	0.22771	0.191453	0.221963	0.167115	0.21643	0.416915	0.185015	0.30794	0.207998	0.275021	0.196013	0.332277	0.159328	0.254685	0.221402
100903	sub-0100903_ses-2	0.237725	0.342794	0.301068	0.184702	0.199303	0.199856	0.13812	0.103777	0.470415	0.140844	0.316786	0.197174	0.256874	0.189678	0.178554	0.158465	0.238449	0.149183
100903	sub-0100903_ses-2	0.177051	0.245697	0.148262	0.137112	0.140626	0.133714	0.127723	0.133984	0.21942	0.078581	0.169025	0.177952	0.174221	0.128546	0.175627	0.13231	0.147585	0.150476
100903	sub-0100903_ses-3	0.396292	0.131357	0.397759	0.249599	0.233204	0.268619	0.486219	0.357332	0.252945	0.143725	0.364882	0.404428	0.345168	0.212575	0.352153	0.225174	0.840004	0.208466
100903	sub-0100903_ses-3	1.178465	0.376083	0.438064	0.327826	0.416486	0.272857	0.381597	0.278316	0.351365	0.247987	0.476479	0.437178	0.33069	0.283906	0.682845	0.256512	0.41109	0.232767
100903	sub-0100903_ses-3	0.852055	0.326747	0.336224	0.289008	0.472069	0.44643	0.536561	0.389722	0.369182	0.216277	0.420351	0.465453	0.366026	0.288547	0.821959	0.260716	0.558023	0.324127
100903	sub-0100903_ses-3	0.823063	0.446473	0.67393	0.310622	0.432606	0.51573	0.756682	0.547551	0.996854	0.559213	0.803198	0.508235	0.90416	0.633679	1.476874	0.503061	0.609503	0.29324
100903	sub-0100903_ses-3	0.177511	0.150122	0.221609	0.167279	0.160425	0.18733	0.127254	0.192945	0.251203	0.157728	0.264748	0.245253	0.213596	0.178679	0.240545	0.179147	0.224796	0.15651
100903	sub-0100903_ses-3	0.130037	0.18485	0.227631	0.141982	0.147924	0.234552	0.180125	0.135078	0.212246	0.136235	0.221531	0.217974	0.162048	0.13991	0.196091	0.149055	0.236521	0.137125
100903	sub-0100903_ses-4	1.007731	0.512783	0.482487	0.431218	0.485986	0.387188	0.769395	0.338978	0.499635	0.353049	0.720023	0.625565	0.458776	0.459818	0.908708	0.468693	0.432827	0.285364
100903	sub-0100903_ses-4	0.777123	0.29408	0.392149	0.25282	0.394732	0.376637	0.243382	0.724963	0.460274	0.178587	0.311714	0.369662	0.593659	0.297017	0.689469	0.52977	0.500985	0.206697
100903	sub-0100903_ses-4	0.523507	0.339915	0.380933	0.388739	0.422934	0.467455	0.617458	0.522381	0.429434	0.424073	0.54908	0.806128	0.459089	0.351242	0.461142	0.862634	0.808303	0.252723
100903	sub-0100903_ses-4	1.508912	0.311436	0.321312	0.565028	0.534808	0.412966	0.346053	0.454321	0.499419	0.275235	0.877611	0.537286	0.837388	0.533651	1.511402	1.337519	0.958166	0.228066
100903	sub-0100903_ses-4	0.297278	0.133644	0.188488	0.173376	0.267243	0.186039	0.195948	0.250244	0.257312	0.162635	0.30326	0.345776	0.316303	0.196336	0.346479	0.480535	0.281909	0.132858
100903	sub-0100903_ses-4	0.167285	0.193553	0.222491	0.163766	0.168141	0.208542	0.126337	0.149726	0.218351	0.139009	0.226202	0.169161	0.179887	0.157055	0.189029	0.165579	0.231588	0.138209
100904	sub-0100904_ses-2	0.311723	0.254585	0.435135	0.291703	0.365934	0.294712	0.278853	0.200101	0.344585	0.18664	0.455601	0.220689	0.256353	0.29819	0.415037	0.229543	0.282251	0.189328
100904	sub-0100904_ses-2	1.492149	2.109938	1.904189	2.221204	2.509247	2.593986	1.893885	0.776009	1.557916	1.739794	1.55217	1.040573	1.484487	0.820209	0.540701	0.705951	0.358234	0.916811
100904	sub-0100904_ses-2	0.64679	0.218247	0.27376	0.235945	0.266476	0.283307	0.234424	0.204519	0.453314	0.223749	0.363647	0.298684	0.483104	0.456149	0.546102	0.397395	0.512505	0.352661
100904	sub-0100904_ses-2	0.250887	0.311405	0.525956	0.322524	0.378799	0.284498	0.216169	0.304	0.278461	0.241492	0.393245	0.518219	0.312726	0.297186	0.342197	0.27171	0.344597	0.135624
100904	sub-0100904_ses-3	0.360188	0.481617	0.362734	0.366251	0.28956	0.240459	0.183693	0.17468	0.903275	0.326643	0.494391	0.387046	0.401095	0.337142	0.697704	0.44873	0.345798	0.210097
100904	sub-0100904_ses-3	0.324839	0.444524	0.218496	0.428015	0.245589	0.310081	0.346308	0.236502	0.383236	0.176717	0.414443	0.235364	0.236293	0.156167	0.392152	0.244135	0.320379	0.243561
100904	sub-0100904_ses-3	0.535248	0.32549	0.445319	0.284782	0.247603	0.267946	0.164723	0.253265	0.683991	0.193478	0.422305	0.360411	0.562911	0.279697	0.730975	0.343925	0.337777	0.377566
100904	sub-0100904_ses-3	0.503817	0.372783	0.242213	0.444526	0.298682	0.304921	0.292108	0.328244	0.881502	0.600465	0.436627	0.477989	0.583907	0.439106	0.661607	0.398594	0.446089	0.325493
100904	sub-0100904_ses-3	0.244523	0.325755	0.397503	0.180455	0.194429	0.193532	0.162005	0.142353	0.318001	0.170196	0.239808	0.230462	0.23494	0.170436	0.248741	0.160693	0.203015	0.1962
100904	sub-0100904_ses-3	0.217626	0.319275	0.254603	0.163681	0.180548	0.18257	0.134591	0.144515	0.302387	0.160687	0.247555	0.15393	0.259813	0.133258	0.269256	0.118392	0.160078	0.172882
100904	sub-0100904_ses-4	0.439781	0.293207	0.209708	0.235129	0.262576	0.234428	0.30058	0.268016	0.343124	0.171004	0.341922	0.281722	0.357362	0.292517	0.476432	0.415443	0.574839	0.233491
100904	sub-0100904_ses-4	0.342637	0.232521	0.265834	0.216902	0.218901	0.219538	0.169822	0.290812	0.338077	0.155301	0.372697	0.395347	0.290603	0.161228	0.379667	0.21764	0.216052	0.224368
100904	sub-0100904_ses-4	0.345182	0.259331	0.640289	0.282503	0.315545	0.244268	0.227304	0.203604	0.251962	0.257707	0.497597	0.514296	0.299647	0.297203	0.329598	0.557789	0.616324	0.149047
100904	sub-0100904_ses-4	0.495028	0.228354	0.23558	0.188745	0.291025	0.248124	0.153323	0.23222	0.335184	0.184354	0.444849	0.302435	0.304552	0.354419	0.782728	0.593245	0.845774	0.351816
100904	sub-0100904_ses-4	0.182146	0.194534	0.185611	0.347973	0.212833	0.278097	0.385418	0.32047	0.411672	0.238475	0.616525	0.348381	0.218054	0.257099	0.22961	0.161643	0.356781	0.12303
100904	sub-0100904_ses-4	0.165699	0.212176	0.237418	0.143968	0.168017	0.263006	0.147791	0.191398	0.249325	0.127136	0.225427	0.18631	0.1969	0.122677	0.168357	0.173248	0.163504	0.102699
100904	sub-0100904_ses-4	0.203903	0.191965	0.257308	0.191615	0.135983	0.149785	0.115632	0.140508	0.208448	0.150225	0.138277	0.112247	0.221035	0.13215	0.189588	0.158738	0.141409	0.132743
